{
  "__comments": {
    "BPM": 100,
    "seconds/beat": 0.150,
    "calculate to ms": 150,
    "Song name": "Isolation",
    "Map name": "Limbo",
    "Producer": "NH22"
  },
  "lines": {
    "0": [0.5,0.5,0],
    "1": [0.5,0.5,0],
    "2": [0.5,0.5,0],
    "3": [0.5,0.5,0],
    "4": [0.5,0.5,0],
    "5": [0.5,0.5,0]
  },
  "inputs": {
    "0": [0.35,-0.4,-90,"d",[
      [0,8500,350,false],
      [0,12000,350,false]
    ]],
    "1": [0.45,-0.2,-90,"f",[
      [0,10350,350,false],
      [0,10500,350,false],
      [0,11700,350,false]
    ]],
    "2": [0.55,-0.2,-90,"j",[
      [0,8800,350,false],
      [0,10650,350,false],
      [0,11400,350,false]
    ]],
    "3": [0.65,-0.4,-90,"k",[
      [0,9100,350,false],
      [0,10800,350,false],
      [0,11100,350,false]
    ]]
  },
  "updates": {
    "lines": {
      "0": [
        [2000,3000,1,"easeInOutSine",0.52]
      ],
      "1": [
        [2000,3000,1,"easeInOutSine",-0.52]
      ],
      "2": [
        [2000,3000,0,"easeInOutSine",-0.52],
        [2000,3000,2,"easeInOutSine",90]
      ],
      "3": [
        [2000,3000,0,"easeInOutSine",0.52],
        [2000,3000,2,"easeInOutSine",90]
      ],
      "4": [
        [2000,3000,0,"easeInOutSine",-0.52],
        [2000,3000,2,"easeInOutSine",-90]
      ],
      "5": [
        [2000,3000,0,"easeInOutSine",0.52],
        [2000,3000,2,"easeInOutSine",-90]
      ]
    },
    "inputs": {
      "0": [
        [2000,9000,1,"easeInOutSine",1.2]
      ],
      "1": [
        [2000,9000,1,"easeInOutSine",1.0]
      ],
      "2": [
        [2000,9000,1,"easeInOutSine",1.0]
      ],
      "3": [
        [2000,9000,1,"easeInOutSine",1.2]
      ]
    }
  }
}
